,location,new_cases_per_million,new_deaths_per_million
0,Austria,1.3319999999999999,0.0
1,Austria,3.6639999999999997,0.0
2,Austria,2.7760000000000002,0.0
3,Austria,0.33299999999999996,0.0
4,Austria,3.22,0.0
5,Austria,5.662999999999999,0.0
6,Austria,7.106,0.0
7,Austria,12.769,0.111
8,Austria,15.878,0.0
9,Austria,16.766,0.0
10,Austria,22.761999999999997,0.0
11,Austria,17.320999999999998,0.222
12,Austria,35.086,0.0
13,Austria,34.864000000000004,0.111
14,Austria,61.068000000000005,0.222
15,Austria,50.298,0.0
16,Austria,41.637,0.222
17,Austria,67.39699999999999,0.888
18,Austria,94.932,0.9990000000000001
19,Austria,88.382,0.555
20,Austria,67.285,0.444
21,Austria,126.68799999999999,1.999
22,Austria,74.169,1.777
23,Austria,65.953,0.0
24,Austria,57.958999999999996,1.999
25,Austria,89.381,2.443
26,Austria,62.622,2.221
27,Austria,58.736000000000004,1.999
28,Austria,46.411,1.3319999999999999
29,Austria,43.968999999999994,1.11
30,Austria,26.759,1.999
31,Austria,24.094,1.999
32,Austria,34.864000000000004,1.777
33,Austria,38.084,2.5540000000000003
34,Austria,36.53,3.3310000000000004
35,Austria,30.978,2.443
36,Austria,34.641999999999996,2.665
37,Austria,27.425,1.999
38,Austria,14.434000000000001,1.443
39,Austria,11.769,1.999
40,Austria,21.206999999999997,1.777
41,Austria,15.1,0.9990000000000001
42,Austria,8.661,1.8880000000000001
43,Austria,17.21,2.332
44,Austria,6.551,1.3319999999999999
45,Austria,5.33,0.9990000000000001
46,Austria,8.105,1.11
47,Austria,5.5520000000000005,0.111
48,Austria,10.104,3.4419999999999997
49,Austria,6.773,1.554
50,Austria,9.216000000000001,0.555
51,Austria,7.327999999999999,2.5540000000000003
52,Austria,6.107,0.6659999999999999
53,Austria,7.439,0.777
54,Austria,6.44,2.221
55,Austria,5.5520000000000005,1.2209999999999999
56,Austria,6.662000000000001,0.444
57,Austria,3.775,0.555
58,Austria,1.3319999999999999,0.777
59,Austria,7.55,0.222
60,Austria,3.4419999999999997,0.222
61,Austria,1.8880000000000001,0.6659999999999999
62,Austria,7.2170000000000005,0.222
63,Austria,2.443,0.111
64,Austria,6.8839999999999995,0.555
65,Austria,4.663,0.111
66,Austria,1.11,0.33299999999999996
67,Austria,9.66,0.222
68,Austria,3.997,0.33299999999999996
69,Austria,5.996,0.111
70,Austria,4.552,0.222
71,Austria,6.995,0.222
72,Austria,7.994,0.0
73,Austria,1.554,0.111
74,Austria,2.7760000000000002,0.0
75,Austria,8.661,0.33299999999999996
76,Austria,1.999,0.111
77,Austria,6.329,0.0
78,Austria,3.22,0.222
79,Austria,5.107,0.444
80,Austria,3.553,0.111
81,Austria,2.221,0.111
82,Austria,4.218999999999999,0.222
83,Austria,1.999,0.222
84,Austria,3.109,2.5540000000000003
85,Austria,5.662999999999999,0.0
86,Austria,4.885,0.0
87,Austria,0.444,0.0
88,Austria,2.332,0.0
89,Austria,1.2209999999999999,0.111
90,Austria,3.4419999999999997,0.111
91,Austria,3.997,0.0
92,Austria,6.8839999999999995,0.222
93,Austria,2.11,0.0
94,Austria,5.107,0.0
95,Austria,2.332,0.0
96,Austria,1.443,0.0
97,Austria,3.775,0.111
98,Austria,3.109,0.111
99,Austria,3.3310000000000004,0.111
100,Canada,1.0070000000000001,0.0
101,Canada,1.8019999999999998,0.0
102,Canada,1.59,0.0
103,Canada,3.179,0.079
104,Canada,3.842,0.106
105,Canada,3.2060000000000004,0.026000000000000002
106,Canada,4.133,0.026000000000000002
107,Canada,3.312,0.053
108,Canada,8.77,0.159
109,Canada,3.391,0.053
110,Canada,5.723,0.106
111,Canada,8.293,0.079
112,Canada,37.783,0.212
113,Canada,16.772000000000002,0.106
114,Canada,17.408,0.371
115,Canada,18.838,0.185
116,Canada,23.025,0.026000000000000002
117,Canada,30.973000000000003,0.742
118,Canada,29.463,0.185
119,Canada,28.059,0.344
120,Canada,44.327,0.768
121,Canada,33.146,1.298
122,Canada,36.113,1.166
123,Canada,42.763999999999996,1.298
124,Canada,30.655,1.139
125,Canada,32.59,1.51
126,Canada,36.855,1.4569999999999999
127,Canada,39.054,1.9609999999999999
128,Canada,36.696,1.59
129,Canada,30.947,2.226
130,Canada,28.191,1.696
131,Canada,34.391,1.669
132,Canada,36.643,3.259
133,Canada,34.921,2.835
134,Canada,45.493,4.849
135,Canada,47.45399999999999,3.073
136,Canada,38.922,4.186
137,Canada,38.048,2.9939999999999998
138,Canada,54.21,2.915
139,Canada,42.128,3.815
140,Canada,46.791000000000004,3.7089999999999996
141,Canada,50.871,4.5569999999999995
142,Canada,47.108999999999995,4.133
143,Canada,38.79,4.319
144,Canada,40.883,2.517
145,Canada,42.525,3.895
146,Canada,40.431999999999995,4.027
147,Canada,41.651,3.63
148,Canada,43.691,4.981
149,Canada,48.354,5.485
150,Canada,43.797,4.637
151,Canada,73.128,3.073
152,Canada,34.391,4.5569999999999995
153,Canada,33.755,5.008
154,Canada,38.419000000000004,5.008
155,Canada,37.783,4.663
156,Canada,40.061,4.266
157,Canada,33.596,3.285
158,Canada,30.364,4.716
159,Canada,30.019000000000002,3.2319999999999998
160,Canada,31.159000000000002,4.663
161,Canada,29.701999999999998,3.577
162,Canada,29.755,4.4510000000000005
163,Canada,31.820999999999998,2.385
164,Canada,33.146,3.1
165,Canada,30.151999999999997,2.7289999999999996
166,Canada,28.35,1.59
167,Canada,27.555,1.855
168,Canada,26.230999999999998,3.1260000000000003
169,Canada,32.378,3.2319999999999998
170,Canada,30.629,2.597
171,Canada,30.230999999999998,2.782
172,Canada,28.561999999999998,1.828
173,Canada,26.814,3.2060000000000004
174,Canada,24.8,2.491
175,Canada,23.104,3.338
176,Canada,26.31,2.968
177,Canada,24.005,2.7030000000000003
178,Canada,20.455,2.491
179,Canada,20.057000000000002,5.882000000000001
180,Canada,20.084,0.821
181,Canada,18.679000000000002,1.828
182,Canada,17.885,2.7289999999999996
183,Canada,16.984,3.6830000000000003
184,Canada,16.136,1.749
185,Canada,19.13,1.855
186,Canada,17.01,0.715
187,Canada,14.44,0.927
188,Canada,10.837,1.643
189,Canada,12.505999999999998,1.669
190,Canada,10.731,0.9009999999999999
191,Canada,10.943,1.4569999999999999
192,Canada,12.373,1.537
193,Canada,9.988999999999999,1.033
194,Canada,9.538,0.768
195,Canada,8.479,1.0070000000000001
196,Canada,10.227,1.0859999999999999
197,Canada,9.724,1.219
198,Canada,10.837,1.219
199,Canada,10.333,1.696
200,Cyprus,2.283,0.0
201,Cyprus,4.567,0.0
202,Cyprus,9.133,0.0
203,Cyprus,7.992000000000001,0.0
204,Cyprus,10.275,0.0
205,Cyprus,11.417,0.0
206,Cyprus,0.0,0.0
207,Cyprus,20.55,0.0
208,Cyprus,0.0,0.0
209,Cyprus,10.275,0.0
210,Cyprus,19.409000000000002,0.0
211,Cyprus,12.559000000000001,0.0
212,Cyprus,23.975,0.0
213,Cyprus,9.133,3.425
214,Cyprus,9.133,0.0
215,Cyprus,15.984000000000002,0.0
216,Cyprus,18.267,2.283
217,Cyprus,19.409000000000002,0.0
218,Cyprus,39.959,1.1420000000000001
219,Cyprus,18.267,1.1420000000000001
220,Cyprus,36.534,1.1420000000000001
221,Cyprus,66.218,1.1420000000000001
222,Cyprus,41.101000000000006,0.0
223,Cyprus,45.667,0.0
224,Cyprus,34.251,0.0
225,Cyprus,22.834,0.0
226,Cyprus,21.691999999999997,0.0
227,Cyprus,33.109,0.0
228,Cyprus,36.534,0.0
229,Cyprus,43.38399999999999,1.1420000000000001
230,Cyprus,35.391999999999996,0.0
231,Cyprus,23.975,0.0
232,Cyprus,19.409000000000002,1.1420000000000001
233,Cyprus,33.109,1.1420000000000001
234,Cyprus,37.676,0.0
235,Cyprus,22.834,0.0
236,Cyprus,22.834,0.0
237,Cyprus,0.0,0.0
238,Cyprus,29.684,0.0
239,Cyprus,6.85,0.0
240,Cyprus,5.707999999999999,0.0
241,Cyprus,13.7,0.0
242,Cyprus,6.85,2.283
243,Cyprus,5.707999999999999,0.0
244,Cyprus,10.275,0.0
245,Cyprus,6.85,0.0
246,Cyprus,7.992000000000001,0.0
247,Cyprus,5.707999999999999,1.1420000000000001
248,Cyprus,17.125,0.0
249,Cyprus,6.85,0.0
250,Cyprus,7.992000000000001,0.0
251,Cyprus,7.992000000000001,0.0
252,Cyprus,7.992000000000001,0.0
253,Cyprus,9.133,0.0
254,Cyprus,2.283,0.0
255,Cyprus,4.567,0.0
256,Cyprus,5.707999999999999,0.0
257,Cyprus,6.85,0.0
258,Cyprus,2.283,0.0
259,Cyprus,1.1420000000000001,0.0
260,Cyprus,6.85,1.1420000000000001
261,Cyprus,3.425,0.0
262,Cyprus,2.283,0.0
263,Cyprus,2.283,1.1420000000000001
264,Cyprus,2.283,0.0
265,Cyprus,3.425,0.0
266,Cyprus,4.567,0.0
267,Cyprus,2.283,0.0
268,Cyprus,1.1420000000000001,0.0
269,Cyprus,1.1420000000000001,0.0
270,Cyprus,4.567,0.0
271,Cyprus,1.1420000000000001,0.0
272,Cyprus,4.567,0.0
273,Cyprus,0.0,0.0
274,Cyprus,9.133,0.0
275,Cyprus,2.283,0.0
276,Cyprus,2.283,0.0
277,Cyprus,0.0,0.0
278,Cyprus,2.283,0.0
279,Cyprus,0.0,0.0
280,Cyprus,2.283,0.0
281,Cyprus,1.1420000000000001,0.0
282,Cyprus,5.707999999999999,0.0
283,Cyprus,3.425,0.0
284,Cyprus,6.85,0.0
285,Cyprus,0.0,0.0
286,Cyprus,2.283,0.0
287,Cyprus,0.0,1.1420000000000001
288,Cyprus,4.567,0.0
289,Cyprus,6.85,0.0
290,Cyprus,2.283,0.0
291,Cyprus,2.283,0.0
292,Cyprus,1.1420000000000001,0.0
293,Cyprus,5.707999999999999,0.0
294,Cyprus,0.0,0.0
295,Cyprus,3.425,0.0
296,Cyprus,2.283,0.0
297,Cyprus,0.0,0.0
298,Cyprus,0.0,0.0
299,Cyprus,0.0,1.1420000000000001
300,Denmark,1.726,0.0
301,Denmark,0.518,0.0
302,Denmark,1.381,0.0
303,Denmark,1.209,0.0
304,Denmark,12.948,0.0
305,Denmark,26.07,0.0
306,Denmark,43.507,0.0
307,Denmark,27.623,0.0
308,Denmark,22.099,0.0
309,Denmark,3.971,0.0
310,Denmark,8.287,0.17300000000000001
311,Denmark,9.841000000000001,0.0
312,Denmark,15.883,0.518
313,Denmark,15.710999999999999,0.0
314,Denmark,6.215,0.345
315,Denmark,17.955,0.518
316,Denmark,12.258,0.691
317,Denmark,11.913,0.0
318,Denmark,11.222000000000001,1.899
319,Denmark,22.616999999999997,1.381
320,Denmark,22.962,0.345
321,Denmark,26.415,1.209
322,Denmark,29.177,1.899
323,Denmark,26.76,2.244
324,Denmark,33.493,1.209
325,Denmark,31.421999999999997,0.863
326,Denmark,48.858999999999995,2.244
327,Denmark,42.644,2.417
328,Denmark,48.168,3.28
329,Denmark,64.05199999999999,2.762
330,Denmark,55.247,3.798
331,Denmark,50.413000000000004,3.108
332,Denmark,53.86600000000001,1.381
333,Denmark,67.332,2.762
334,Denmark,57.146,2.59
335,Denmark,40.226,3.28
336,Denmark,31.767,1.726
337,Denmark,30.558000000000003,2.244
338,Denmark,30.730999999999998,2.244
339,Denmark,24.861,2.072
340,Denmark,33.321,2.417
341,Denmark,29.35,1.726
342,Denmark,34.184,2.072
343,Denmark,33.493,2.59
344,Denmark,29.177,1.726
345,Denmark,24.516,1.554
346,Denmark,22.616999999999997,1.554
347,Denmark,31.076,1.036
348,Denmark,37.464,2.417
349,Denmark,27.796,1.726
350,Denmark,23.651999999999997,1.554
351,Denmark,40.571999999999996,2.59
352,Denmark,22.444000000000003,0.691
353,Denmark,21.235,0.863
354,Denmark,26.415,1.209
355,Denmark,27.105,1.554
356,Denmark,25.897,1.554
357,Denmark,26.415,1.726
358,Denmark,16.574,1.899
359,Denmark,20.027,1.381
360,Denmark,25.379,1.554
361,Denmark,26.07,1.209
362,Denmark,27.969,0.518
363,Denmark,17.265,1.036
364,Denmark,23.307,1.036
365,Denmark,17.437,0.691
366,Denmark,18.991,0.518
367,Denmark,14.502,0.863
368,Denmark,13.466,0.691
369,Denmark,13.120999999999999,1.036
370,Denmark,7.942,0.691
371,Denmark,13.466,0.0
372,Denmark,11.567,0.863
373,Denmark,11.913,0.691
374,Denmark,7.077999999999999,0.17300000000000001
375,Denmark,13.120999999999999,0.518
376,Denmark,12.603,0.518
377,Denmark,11.222000000000001,1.209
378,Denmark,8.287,0.0
379,Denmark,10.186,0.0
380,Denmark,12.258,0.17300000000000001
381,Denmark,4.6610000000000005,0.17300000000000001
382,Denmark,7.077999999999999,0.0
383,Denmark,8.978,0.345
384,Denmark,5.525,0.518
385,Denmark,13.984000000000002,0.0
386,Denmark,6.906000000000001,0.518
387,Denmark,6.215,0.518
388,Denmark,5.178999999999999,0.345
389,Denmark,6.042999999999999,0.691
390,Denmark,6.388,0.0
391,Denmark,6.906000000000001,0.345
392,Denmark,11.049000000000001,0.691
393,Denmark,8.46,0.17300000000000001
394,Denmark,4.144,0.345
395,Denmark,2.417,0.691
396,Denmark,6.733,0.0
397,Denmark,2.59,0.0
398,Denmark,3.28,0.0
399,Denmark,11.049000000000001,0.17300000000000001
400,Estonia,2.262,0.0
401,Estonia,3.7689999999999997,0.0
402,Estonia,3.3922499999999998,0.0
403,Estonia,3.0155,0.0
404,Estonia,2.63875,0.0
405,Estonia,2.262,0.0
406,Estonia,2.262,0.0
407,Estonia,8.292,0.0
408,Estonia,39.2,0.0
409,Estonia,27.138,0.0
410,Estonia,42.215,0.0
411,Estonia,25.631,0.0
412,Estonia,15.077,0.0
413,Estonia,24.877,0.0
414,Estonia,6.785,0.0
415,Estonia,12.061,0.0
416,Estonia,17.338,0.0
417,Estonia,15.077,0.0
418,Estonia,19.6,0.0
419,Estonia,12.815,0.0
420,Estonia,26.384,0.754
421,Estonia,101.015,0.0
422,Estonia,27.892,0.0
423,Estonia,49.0,0.0
424,Estonia,29.4,1.508
425,Estonia,27.138,0.0
426,Estonia,22.615,0.754
427,Estonia,25.631,0.754
428,Estonia,59.553000000000004,4.523
429,Estonia,77.646,0.754
430,Estonia,42.968999999999994,0.754
431,Estonia,59.553000000000004,1.508
432,Estonia,8.292,3.015
433,Estonia,30.906999999999996,1.508
434,Estonia,27.138,2.262
435,Estonia,16.585,0.0
436,Estonia,38.446,0.0
437,Estonia,34.677,0.0
438,Estonia,3.7689999999999997,0.754
439,Estonia,17.338,2.262
440,Estonia,30.906999999999996,2.262
441,Estonia,21.861,3.015
442,Estonia,24.123,0.754
443,Estonia,18.846,1.508
444,Estonia,39.954,0.0
445,Estonia,12.061,1.508
446,Estonia,5.277,0.0
447,Estonia,12.815,2.262
448,Estonia,5.277,0.754
449,Estonia,24.877,0.754
450,Estonia,9.8,0.754
451,Estonia,22.615,0.0
452,Estonia,6.031000000000001,2.262
453,Estonia,3.015,0.754
454,Estonia,9.8,0.0
455,Estonia,4.523,0.0
456,Estonia,17.338,1.508
457,Estonia,3.7689999999999997,0.0
458,Estonia,3.7689999999999997,0.754
459,Estonia,0.754,1.508
460,Estonia,2.262,0.0
461,Estonia,6.031000000000001,0.0
462,Estonia,1.508,0.0
463,Estonia,5.277,0.754
464,Estonia,3.7689999999999997,0.0
465,Estonia,6.031000000000001,3.015
466,Estonia,4.523,0.0
467,Estonia,1.508,0.754
468,Estonia,3.7689999999999997,0.0
469,Estonia,3.7689999999999997,0.0
470,Estonia,5.277,0.754
471,Estonia,6.031000000000001,0.754
472,Estonia,3.015,0.0
473,Estonia,3.015,0.0
474,Estonia,7.537999999999999,0.754
475,Estonia,5.277,0.0
476,Estonia,2.262,0.0
477,Estonia,4.523,0.0
478,Estonia,5.277,0.0
479,Estonia,10.554,0.0
480,Estonia,1.508,0.0
481,Estonia,0.754,0.754
482,Estonia,7.537999999999999,0.0
483,Estonia,4.523,0.754
484,Estonia,8.292,0.0
485,Estonia,6.031000000000001,0.754
486,Estonia,4.523,0.0
487,Estonia,3.015,0.754
488,Estonia,0.754,0.0
489,Estonia,0.0,0.0
490,Estonia,7.537999999999999,0.754
491,Estonia,7.537999999999999,0.0
492,Estonia,15.077,0.0
493,Estonia,15.831,0.0
494,Estonia,6.031000000000001,0.0
495,Estonia,0.754,0.0
496,Estonia,5.277,0.0
497,Estonia,8.292,0.0
498,Estonia,5.277,0.0
499,Estonia,3.7689999999999997,0.0
500,France,1.1179999999999999,0.0
501,France,2.114,0.046
502,France,2.911,0.031
503,France,1.578,0.015
504,France,6.281000000000001,0.138
505,France,4.382,0.16899999999999998
506,France,5.699,0.046
507,France,7.614,0.23
508,France,9.115,0.19899999999999998
509,France,12.026,0.276
510,France,12.838,0.184
511,France,14.155999999999999,0.552
512,France,18.537,0.322
513,France,16.805999999999997,0.414
514,France,21.509,1.057
515,France,28.511,1.9609999999999999
516,France,24.773000000000003,1.195
517,France,28.296,1.716
518,France,23.884,1.716
519,France,58.799,2.85
520,France,37.473,3.677
521,France,44.903,3.5389999999999997
522,France,60.086000000000006,5.5920000000000005
523,France,58.354,4.581
524,France,70.641,4.887
525,France,39.817,4.473
526,France,67.041,6.404
527,France,116.096,7.645
528,France,74.471,7.797999999999999
529,France,32.417,7.216
530,France,80.17,30.701999999999998
531,France,65.37100000000001,16.132
532,France,28.695,7.936
533,France,59.931999999999995,12.762
534,France,57.864,21.709
535,France,59.458,8.288
536,France,65.66199999999999,20.544
537,France,66.52,15.120999999999999
538,France,47.707,9.728
539,France,24.711,8.595
540,France,40.951,8.794
541,France,84.215,11.674000000000001
542,France,40.338,22.03
543,France,40.461,11.536
544,France,6.205,11.659
545,France,39.357,9.836
546,France,12.026,6.051
547,France,31.421999999999997,8.38
548,France,40.859,8.135
549,France,27.99,8.334
550,France,25.324,7.905
551,France,27.163,5.96
552,France,23.546999999999997,5.653
553,France,7.063,3.707
554,France,18.308,6.695
555,France,16.316,5.622000000000001
556,France,24.619,6.542000000000001
557,France,17.45,4.428
558,France,9.253,3.34
559,France,12.164000000000001,2.543
560,France,4.718999999999999,2.068
561,France,8.824,4.688
562,France,16.913,5.056
563,France,64.084,4.2589999999999995
564,France,9.636000000000001,2.727
565,France,9.836,3.7230000000000003
566,France,6.6339999999999995,1.226
567,France,3.202,1.072
568,France,6.986000000000001,4.029
569,France,10.847000000000001,5.331
570,France,7.767,1.272
571,France,9.529,5.377000000000001
572,France,8.625,1.992
573,France,5.699,1.348
574,France,1.838,1.042
575,France,7.537999999999999,2.85
576,France,8.027999999999999,1.915
577,France,6.404,1.685
578,France,4.872,1.272
579,France,6.1739999999999995,1.1340000000000001
580,France,3.677,0.659
581,France,1.7619999999999998,0.536
582,France,5.485,0.996
583,France,4.228,1.501
584,France,2.926,1.011
585,France,50.93899999999999,1.011
586,France,9.146,0.797
587,France,28.005,0.873
588,France,3.937,0.475
589,France,5.178,0.475
590,France,5.2855,1.639
591,France,5.393,1.2409999999999999
592,France,11.751,0.674
593,France,9.361,0.705
594,France,8.87,0.475
595,France,5.255,0.19899999999999998
596,France,3.233,0.8270000000000001
597,France,6.1739999999999995,1.3330000000000002
598,France,8.349,0.35200000000000004
599,France,6.511,0.414
600,Germany,1.6469999999999998,0.0
601,Germany,3.39,0.0
602,Germany,1.945,0.0
603,Germany,0.6559999999999999,0.0
604,Germany,2.8289999999999997,0.024
605,Germany,1.874,0.0
606,Germany,3.235,0.012
607,Germany,9.572000000000001,0.024
608,Germany,8.271,0.0
609,Germany,8.749,0.036000000000000004
610,Germany,12.449000000000002,0.048
611,Germany,14.012,0.012
612,Germany,13.654000000000002,0.0
613,Germany,12.437000000000001,0.0
614,Germany,70.89699999999999,0.358
615,Germany,48.327,0.024
616,Germany,39.101,0.263
617,Germany,39.518,0.322
618,Germany,52.97,0.382
619,Germany,27.953000000000003,0.275
620,Germany,59.128,0.585
621,Germany,68.987,0.6559999999999999
622,Germany,75.122,0.8590000000000001
623,Germany,47.324,0.764
624,Germany,56.705,0.7879999999999999
625,Germany,55.082,1.528
626,Germany,65.084,1.778
627,Germany,73.475,1.671
628,Germany,73.69,1.7309999999999999
629,Germany,72.59100000000001,1.683
630,Germany,70.84899999999999,2.1959999999999997
631,Germany,43.887,1.0979999999999999
632,Germany,45.761,2.065
633,Germany,47.778,3.032
634,Germany,59.367,2.9360000000000004
635,Germany,63.532,3.175
636,Germany,49.32899999999999,2.041
637,Germany,33.67,1.54
638,Germany,30.28,1.504
639,Germany,24.85,2.029
640,Germany,29.671999999999997,3.4019999999999997
641,Germany,34.207,3.76
642,Germany,40.342,3.569
643,Germany,43.075,2.888
644,Germany,29.337,2.1959999999999997
645,Germany,21.185,1.3130000000000002
646,Germany,21.305,2.315
647,Germany,26.7,3.3539999999999996
648,Germany,28.072,2.5660000000000003
649,Germany,27.893,2.7089999999999996
650,Germany,24.526999999999997,2.136
651,Germany,20.732,1.671
652,Germany,12.15,1.3130000000000002
653,Germany,13.654000000000002,1.945
654,Germany,15.564,2.411
655,Germany,17.641,2.065
656,Germany,0.0,0.0
657,Germany,30.840999999999998,3.425
658,Germany,9.465,0.883
659,Germany,8.104,0.513
660,Germany,8.176,1.659
661,Germany,12.377,1.969
662,Germany,14.251,1.4680000000000002
663,Germany,14.43,1.755
664,Germany,14.931,1.229
665,Germany,7.961,0.31
666,Germany,4.261,0.263
667,Germany,11.136,1.385
668,Germany,9.524,1.205
669,Germany,11.136,1.062
670,Germany,10.897,1.205
671,Germany,7.4,0.68
672,Germany,6.957999999999999,0.39399999999999996
673,Germany,4.082,0.251
674,Germany,6.122999999999999,0.8590000000000001
675,Germany,9.513,0.991
676,Germany,8.892000000000001,0.68
677,Germany,5.49,0.322
678,Germany,7.615,0.501
679,Germany,5.144,0.37
680,Germany,3.449,0.11900000000000001
681,Germany,5.156000000000001,0.537
682,Germany,4.321000000000001,0.561
683,Germany,4.213,0.74
684,Germany,8.844,0.465
685,Germany,8.808,0.465
686,Germany,3.4139999999999997,0.131
687,Germany,3.975,0.131
688,Germany,2.542,0.131
689,Germany,4.082,0.34600000000000003
690,Germany,4.703,0.358
691,Germany,6.051,0.382
692,Germany,4.8580000000000005,0.39399999999999996
693,Germany,3.593,0.263
694,Germany,2.5540000000000003,0.07200000000000001
695,Germany,4.177,0.442
696,Germany,3.795,0.215
697,Germany,6.624,0.31
698,Germany,3.0789999999999997,0.095
699,Germany,4.154,0.215
700,Iran,1.262,0.083
701,Iran,1.703,0.095
702,Iran,2.441,0.107
703,Iran,4.584,0.131
704,Iran,6.227,0.14300000000000002
705,Iran,9.941,0.131
706,Iran,6.977,0.179
707,Iran,7.0360000000000005,0.179
708,Iran,14.692,0.20199999999999999
709,Iran,12.811,0.25
710,Iran,8.846,0.583
711,Iran,7.084,0.512
712,Iran,10.489,0.643
713,Iran,11.405999999999999,0.75
714,Iran,12.799000000000001,0.893
715,Iran,15.347000000000001,1.012
716,Iran,16.250999999999998,1.155
717,Iran,14.394,1.345
718,Iran,12.537,1.536
719,Iran,14.025,1.607
720,Iran,14.192,1.75
721,Iran,12.453,1.774
722,Iran,14.727,1.774
723,Iran,11.501,1.464
724,Iran,12.239,1.536
725,Iran,16.799,1.5119999999999998
726,Iran,20.978,1.453
727,Iran,26.264,1.703
728,Iran,28.443,1.869
729,Iran,34.836,1.714
730,Iran,36.622,1.655
731,Iran,34.539,1.464
732,Iran,37.931999999999995,1.393
733,Iran,37.039,1.679
734,Iran,35.563,1.643
735,Iran,34.229,1.476
736,Iran,0.0,0.0
737,Iran,62.803000000000004,3.4760000000000004
738,Iran,29.561999999999998,1.798
739,Iran,27.074,1.619
740,Iran,24.871,1.5830000000000002
741,Iran,23.776,1.4409999999999998
742,Iran,19.454,1.393
743,Iran,23.478,1.453
744,Iran,21.871,1.4880000000000002
745,Iran,19.727999999999998,1.393
746,Iran,19.252,1.3219999999999998
747,Iran,18.74,1.167
748,Iran,18.002,1.119
749,Iran,19.121,1.095
750,Iran,17.847,1.06
751,Iran,16.359,0.8690000000000001
752,Iran,15.989,1.036
753,Iran,15.405999999999999,1.083
754,Iran,15.442,1.048
755,Iran,14.215,1.119
756,Iran,12.263,1.072
757,Iran,13.905999999999999,1.107
758,Iran,13.501,0.905
759,Iran,13.727,0.7140000000000001
760,Iran,11.799000000000001,1.143
761,Iran,13.239,0.845
762,Iran,12.775,0.9520000000000001
763,Iran,11.703,0.845
764,Iran,11.977,0.75
765,Iran,9.548,0.774
766,Iran,11.62,0.56
767,Iran,14.561,0.8809999999999999
768,Iran,15.751,0.75
769,Iran,20.002,0.929
770,Iran,17.68,0.81
771,Iran,18.525,0.655
772,Iran,18.204,0.5710000000000001
773,Iran,16.465999999999998,0.607
774,Iran,20.037,0.536
775,Iran,17.632,0.5710000000000001
776,Iran,23.311,0.595
777,Iran,21.526,0.845
778,Iran,25.026,0.5710000000000001
779,Iran,20.918000000000003,0.41700000000000004
780,Iran,21.502,0.607
781,Iran,27.311999999999998,0.821
782,Iran,25.133000000000003,0.738
783,Iran,27.930999999999997,0.762
784,Iran,28.479,0.7859999999999999
785,Iran,27.514,0.607
786,Iran,22.252,0.7020000000000001
787,Iran,25.955,0.691
788,Iran,24.085,0.405
789,Iran,21.276,0.679
790,Iran,24.764,0.667
791,Iran,26.883000000000003,0.75
792,Iran,33.562,0.595
793,Iran,27.169,0.679
794,Iran,29.955,0.75
795,Iran,35.467,0.9640000000000001
796,Iran,37.11,0.762
797,Iran,37.313,0.833
798,Iran,42.551,0.7020000000000001
799,Iran,34.36,0.75
800,Israel,1.617,0.0
801,Israel,2.5995,0.0
802,Israel,3.582,0.0
803,Israel,1.386,0.0
804,Israel,1.617,0.0
805,Israel,2.311,0.0
806,Israel,7.162999999999999,0.0
807,Israel,8.318,0.0
808,Israel,1.155,0.0
809,Israel,19.294,0.0
810,Israel,0.693,0.0
811,Israel,28.19,0.0
812,Israel,4.044,0.11599999999999999
813,Israel,19.756,0.0
814,Israel,21.72,0.0
815,Israel,42.863,0.0
816,Israel,56.38,0.231
817,Israel,50.718999999999994,0.231
818,Israel,34.313,0.34700000000000003
819,Israel,42.632,0.231
820,Israel,67.471,0.231
821,Israel,72.555,0.34700000000000003
822,Israel,26.11,0.231
823,Israel,51.181000000000004,0.34700000000000003
824,Israel,77.985,0.11599999999999999
825,Israel,76.367,1.5019999999999998
826,Israel,135.86700000000002,0.578
827,Israel,68.164,0.809
828,Israel,47.6,0.34700000000000003
829,Israel,54.763000000000005,0.924
830,Israel,39.743,0.924
831,Israel,18.023,0.693
832,Israel,65.161,1.733
833,Israel,50.833999999999996,1.04
834,Israel,38.704,0.693
835,Israel,46.443999999999996,0.231
836,Israel,50.95,1.5019999999999998
837,Israel,53.145,0.809
838,Israel,52.567,0.809
839,Israel,29.691999999999997,1.386
840,Israel,25.879,1.04
841,Israel,32.696,1.5019999999999998
842,Israel,26.11,0.924
843,Israel,25.648000000000003,0.578
844,Israel,26.456999999999997,0.809
845,Israel,75.096,0.809
846,Israel,33.505,0.231
847,Israel,20.334,0.11599999999999999
848,Israel,27.728,0.578
849,Israel,11.552999999999999,0.0
850,Israel,7.856,0.34700000000000003
851,Israel,14.210999999999999,0.693
852,Israel,28.305999999999997,0.809
853,Israel,12.94,0.809
854,Israel,17.908,0.34700000000000003
855,Israel,9.705,0.462
856,Israel,2.657,0.34700000000000003
857,Israel,4.39,0.34700000000000003
858,Israel,4.968,0.34700000000000003
859,Israel,2.426,0.11599999999999999
860,Israel,8.203,0.11599999999999999
861,Israel,6.354,0.578
862,Israel,2.08,0.231
863,Israel,2.657,0.578
864,Israel,3.35,0.693
865,Israel,2.657,0.231
866,Israel,2.195,0.462
867,Israel,3.582,0.11599999999999999
868,Israel,1.155,0.11599999999999999
869,Israel,2.195,0.231
870,Israel,1.04,0.462
871,Israel,0.462,0.0
872,Israel,3.35,0.578
873,Israel,2.311,0.231
874,Israel,2.311,0.0
875,Israel,0.0,0.0
876,Israel,0.0,0.0
877,Israel,3.466,0.11599999999999999
878,Israel,1.617,0.11599999999999999
879,Israel,2.657,0.0
880,Israel,4.159,0.0
881,Israel,9.127,0.34700000000000003
882,Israel,13.286,0.0
883,Israel,2.888,0.0
884,Israel,6.816,0.11599999999999999
885,Israel,17.099,0.231
886,Israel,14.210999999999999,0.34700000000000003
887,Israel,10.051,0.11599999999999999
888,Israel,15.366,0.0
889,Israel,16.637,0.11599999999999999
890,Israel,8.896,0.578
891,Israel,15.25,0.11599999999999999
892,Israel,20.102999999999998,0.0
893,Israel,20.68,0.11599999999999999
894,Israel,10.051,0.0
895,Israel,39.974000000000004,0.11599999999999999
896,Israel,20.218,0.0
897,Israel,15.25,0.0
898,Israel,13.055,0.231
899,Israel,25.070999999999998,0.0
900,Italy,1.025,0.033
901,Italy,0.877,0.0
902,Italy,1.604,0.066
903,Italy,1.538,0.083
904,Italy,1.29,0.017
905,Italy,4.135,0.083
906,Italy,3.9360000000000004,0.066
907,Italy,3.969,0.132
908,Italy,9.279,0.099
909,Italy,5.739,0.281
910,Italy,7.707000000000001,0.46299999999999997
911,Italy,9.709,0.447
912,Italy,12.719000000000001,0.6779999999999999
913,Italy,12.868,0.81
914,Italy,20.625,0.595
915,Italy,24.677,2.2
916,Italy,29.721,1.621
917,Italy,16.159000000000002,2.762
918,Italy,38.256,3.242
919,Italy,43.846000000000004,3.1260000000000003
920,Italy,42.126000000000005,4.168
921,Italy,57.838,2.861
922,Italy,46.691,6.12
923,Italy,66.157,5.739
924,Italy,58.318000000000005,5.739
925,Italy,69.581,7.8229999999999995
926,Italy,88.022,7.095
927,Italy,99.005,10.337
928,Italy,108.449,13.149000000000001
929,Italy,91.959,10.734000000000002
930,Italy,79.207,9.94
931,Italy,86.815,12.289000000000001
932,Italy,86.17,11.329
933,Italy,101.76700000000001,10.915999999999999
934,Italy,98.55799999999999,16.06
935,Italy,98.806,14.67
936,Italy,86.286,12.537
937,Italy,66.984,13.397
938,Italy,67.03399999999999,13.877
939,Italy,79.09100000000001,12.024000000000001
940,Italy,77.206,12.57
941,Italy,75.833,12.636
942,Italy,79.472,11.263
943,Italy,71.384,8.716000000000001
944,Italy,59.525,10.519
945,Italy,50.263000000000005,9.99
946,Italy,63.445,8.931000000000001
947,Italy,69.531,10.122
948,Italy,65.347,9.427
949,Italy,77.63600000000001,10.238
950,Italy,67.679,7.127999999999999
951,Italy,52.148999999999994,9.328
952,Italy,49.155,9.99
953,Italy,44.11,9.56
954,Italy,62.618,8.683
955,Italy,57.772,9.51
956,Italy,57.739,7.939
957,Italy,50.395,7.162000000000001
958,Italy,37.313,7.5089999999999995
959,Italy,45.136,8.832
960,Italy,55.738,7.228
961,Italy,43.763000000000005,7.6739999999999995
962,Italy,49.965,6.947
963,Italy,38.983000000000004,6.864
964,Italy,38.437,4.3
965,Italy,28.761999999999997,5.507999999999999
966,Italy,34.584,6.318
967,Italy,34.501,5.3420000000000005
968,Italy,30.962,4.7139999999999995
969,Italy,32.5,4.449
970,Italy,31.425,7.84
971,Italy,22.973000000000003,2.878
972,Italy,20.195,3.225
973,Italy,17.78,3.903
974,Italy,23.883000000000003,6.103
975,Italy,23.171999999999997,4.532
976,Italy,21.948,4.019
977,Italy,17.912,3.2089999999999996
978,Italy,13.265,2.7289999999999996
979,Italy,12.305,2.9610000000000003
980,Italy,23.188000000000002,2.845
981,Italy,14.687000000000001,3.225
982,Italy,16.407,4.333
983,Italy,13.05,4.003
984,Italy,14.472000000000001,2.531
985,Italy,11.164000000000001,2.398
986,Italy,7.459,1.6369999999999998
987,Italy,13.447000000000001,2.679
988,Italy,10.999,2.6630000000000003
989,Italy,10.618,2.58
990,Italy,10.784,2.15
991,Italy,11.065,1.9680000000000002
992,Italy,8.782,0.8270000000000001
993,Italy,4.962,1.5219999999999998
994,Italy,6.566,1.29
995,Italy,9.658999999999999,1.935
996,Italy,9.808,1.158
997,Italy,8.533999999999999,1.439
998,Italy,6.88,1.8359999999999999
999,Italy,5.871,1.24
1000,Malta,2.265,0.0
1001,Malta,4.53,0.0
1002,Malta,0.0,0.0
1003,Malta,4.53,0.0
1004,Malta,2.265,0.0
1005,Malta,2.265,0.0
1006,Malta,2.265,0.0
1007,Malta,22.648000000000003,0.0
1008,Malta,4.53,0.0
1009,Malta,22.648000000000003,0.0
1010,Malta,18.118,0.0
1011,Malta,22.648000000000003,0.0
1012,Malta,9.059,0.0
1013,Malta,27.178,0.0
1014,Malta,20.383,0.0
1015,Malta,38.501999999999995,0.0
1016,Malta,38.501999999999995,0.0
1017,Malta,11.324000000000002,0.0
1018,Malta,38.501999999999995,0.0
1019,Malta,11.324000000000002,0.0
1020,Malta,11.324000000000002,0.0
1021,Malta,22.648000000000003,0.0
1022,Malta,4.53,0.0
1023,Malta,11.324000000000002,0.0
1024,Malta,20.383,0.0
1025,Malta,43.031000000000006,0.0
1026,Malta,22.648000000000003,0.0
1027,Malta,15.854000000000001,0.0
1028,Malta,11.324000000000002,0.0
1029,Malta,27.178,0.0
1030,Malta,38.501999999999995,0.0
1031,Malta,43.031000000000006,0.0
1032,Malta,99.65100000000001,0.0
1033,Malta,20.383,2.265
1034,Malta,79.268,2.265
1035,Malta,40.766999999999996,0.0
1036,Malta,29.441999999999997,2.265
1037,Malta,24.913,0.0
1038,Malta,2.265,0.0
1039,Malta,18.118,0.0
1040,Malta,33.972,0.0
1041,Malta,11.324000000000002,0.0
1042,Malta,20.383,0.0
1043,Malta,9.059,0.0
1044,Malta,4.53,0.0
1045,Malta,11.324000000000002,0.0
1046,Malta,24.913,0.0
1047,Malta,2.265,0.0
1048,Malta,2.265,0.0
1049,Malta,2.265,0.0
1050,Malta,2.265,2.265
1051,Malta,0.0,0.0
1052,Malta,4.53,0.0
1053,Malta,0.0,0.0
1054,Malta,29.441999999999997,0.0
1055,Malta,4.53,0.0
1056,Malta,4.53,0.0
1057,Malta,0.0,0.0
1058,Malta,22.648000000000003,0.0
1059,Malta,6.794,0.0
1060,Malta,4.53,2.265
1061,Malta,4.53,0.0
1062,Malta,4.53,0.0
1063,Malta,6.794,0.0
1064,Malta,2.265,0.0
1065,Malta,13.589,0.0
1066,Malta,15.854000000000001,0.0
1067,Malta,0.0,0.0
1068,Malta,11.324000000000002,2.265
1069,Malta,31.706999999999997,0.0
1070,Malta,22.648000000000003,0.0
1071,Malta,31.706999999999997,0.0
1072,Malta,15.854000000000001,0.0
1073,Malta,11.324000000000002,0.0
1074,Malta,4.53,0.0
1075,Malta,54.355,0.0
1076,Malta,33.972,0.0
1077,Malta,2.265,0.0
1078,Malta,20.383,0.0
1079,Malta,2.265,0.0
1080,Malta,2.265,0.0
1081,Malta,0.0,0.0
1082,Malta,9.059,2.265
1083,Malta,2.265,0.0
1084,Malta,0.0,0.0
1085,Malta,0.0,0.0
1086,Malta,0.0,0.0
1087,Malta,6.794,4.53
1088,Malta,2.265,0.0
1089,Malta,4.53,0.0
1090,Malta,0.0,0.0
1091,Malta,0.0,0.0
1092,Malta,0.0,0.0
1093,Malta,15.854000000000001,0.0
1094,Malta,2.265,0.0
1095,Malta,4.53,0.0
1096,Malta,6.794,0.0
1097,Malta,11.324000000000002,0.0
1098,Malta,11.324000000000002,0.0
1099,Malta,2.265,0.0
1100,Netherlands,2.568,0.0
1101,Netherlands,2.685,0.057999999999999996
1102,Netherlands,3.502,0.0
1103,Netherlands,4.494,0.11699999999999999
1104,Netherlands,3.2680000000000002,0.0
1105,Netherlands,3.56,0.057999999999999996
1106,Netherlands,7.062,0.057999999999999996
1107,Netherlands,6.478,0.0
1108,Netherlands,11.088,0.0
1109,Netherlands,9.046,0.409
1110,Netherlands,10.270999999999999,0.467
1111,Netherlands,16.224,0.233
1112,Netherlands,17.041,1.109
1113,Netherlands,20.192999999999998,0.875
1114,Netherlands,23.869,1.05
1115,Netherlands,31.165,1.751
1116,Netherlands,37.176,1.751
1117,Netherlands,33.441,2.51
1118,Netherlands,31.805999999999997,1.984
1119,Netherlands,47.33,3.677
1120,Netherlands,49.723,4.669
1121,Netherlands,59.468999999999994,4.552
1122,Netherlands,68.399,6.5360000000000005
1123,Netherlands,67.64,5.428
1124,Netherlands,64.43,7.704
1125,Netherlands,51.591,5.428
1126,Netherlands,49.315,10.213
1127,Netherlands,59.468999999999994,7.82
1128,Netherlands,63.20399999999999,9.687999999999999
1129,Netherlands,59.878,8.637
1130,Netherlands,52.758,9.571
1131,Netherlands,71.433,6.711
1132,Netherlands,55.559,5.894
1133,Netherlands,45.346000000000004,13.655999999999999
1134,Netherlands,56.551,8.579
1135,Netherlands,70.791,8.637
1136,Netherlands,77.911,6.711
1137,Netherlands,76.80199999999999,7.704
1138,Netherlands,68.515,5.486000000000001
1139,Netherlands,56.26,5.019
1140,Netherlands,50.657,7.12
1141,Netherlands,42.836999999999996,11.03
1142,Netherlands,61.92100000000001,10.562999999999999
1143,Netherlands,72.075,8.404
1144,Netherlands,66.531,8.287
1145,Netherlands,62.211999999999996,4.843999999999999
1146,Netherlands,43.77,3.91
1147,Netherlands,42.545,9.629
1148,Netherlands,41.318999999999996,8.054
1149,Netherlands,51.766000000000005,7.178
1150,Netherlands,47.038999999999994,6.5360000000000005
1151,Netherlands,38.226,7.002999999999999
1152,Netherlands,38.226,3.852
1153,Netherlands,23.344,2.51
1154,Netherlands,9.98,2.801
1155,Netherlands,22.526999999999997,8.462
1156,Netherlands,29.997,4.902
1157,Netherlands,27.721,5.718999999999999
1158,Netherlands,25.97,5.486000000000001
1159,Netherlands,19.551,4.027
1160,Netherlands,11.614,1.517
1161,Netherlands,18.5,5.019
1162,Netherlands,13.54,2.101
1163,Netherlands,26.554000000000002,4.902
1164,Netherlands,18.617,4.144
1165,Netherlands,16.866,3.677
1166,Netherlands,14.298,1.05
1167,Netherlands,9.396,0.934
1168,Netherlands,11.439,3.1510000000000002
1169,Netherlands,13.248,3.035
1170,Netherlands,15.757,1.6340000000000001
1171,Netherlands,11.672,3.093
1172,Netherlands,11.03,1.5759999999999998
1173,Netherlands,7.295,0.584
1174,Netherlands,8.521,0.8170000000000001
1175,Netherlands,6.303,1.226
1176,Netherlands,11.555,1.926
1177,Netherlands,14.765,1.5759999999999998
1178,Netherlands,10.972000000000001,0.759
1179,Netherlands,10.270999999999999,1.3419999999999999
1180,Netherlands,10.038,0.642
1181,Netherlands,12.197000000000001,0.467
1182,Netherlands,7.7620000000000005,1.517
1183,Netherlands,11.088,0.875
1184,Netherlands,10.622,1.868
1185,Netherlands,10.270999999999999,1.6340000000000001
1186,Netherlands,7.645,1.167
1187,Netherlands,10.797,0.292
1188,Netherlands,6.011,0.35
1189,Netherlands,5.952999999999999,0.292
1190,Netherlands,5.019,0.584
1191,Netherlands,12.197000000000001,0.759
1192,Netherlands,12.255999999999998,0.875
1193,Netherlands,10.68,0.35
1194,Netherlands,13.948,0.11699999999999999
1195,Netherlands,9.629,0.175
1196,Netherlands,9.571,0.875
1197,Netherlands,10.738,0.642
1198,Netherlands,9.571,0.11699999999999999
1199,Netherlands,12.255999999999998,0.525
1200,Norway,1.66,0.0
1201,Norway,0.738,0.0
1202,Norway,1.107,0.0
1203,Norway,1.476,0.0
1204,Norway,4.243,0.0
1205,Norway,5.534,0.0
1206,Norway,4.98,0.0
1207,Norway,6.272,0.0
1208,Norway,4.058,0.0
1209,Norway,4.243,0.0
1210,Norway,15.679,0.0
1211,Norway,39.105,0.0
1212,Norway,24.349,0.184
1213,Norway,0.0,0.0
1214,Norway,52.755,0.0
1215,Norway,31.358,0.0
1216,Norway,16.97,0.369
1217,Norway,25.64,0.0
1218,Norway,21.213,0.0
1219,Norway,23.795,0.5529999999999999
1220,Norway,35.047,0.184
1221,Norway,33.941,0.0
1222,Norway,37.999,0.0
1223,Norway,44.086000000000006,0.184
1224,Norway,35.97,0.369
1225,Norway,64.561,0.369
1226,Norway,44.27,0.369
1227,Norway,78.395,0.369
1228,Norway,48.696999999999996,0.738
1229,Norway,47.406000000000006,0.369
1230,Norway,22.873,0.738
1231,Norway,40.766,0.369
1232,Norway,40.211999999999996,0.738
1233,Norway,49.803999999999995,1.845
1234,Norway,50.357,0.369
1235,Norway,55.707,1.107
1236,Norway,23.98,1.476
1237,Norway,21.213,0.184
1238,Norway,19.922,1.845
1239,Norway,27.116,2.029
1240,Norway,27.669,1.476
1241,Norway,15.495,0.738
1242,Norway,14.019,1.107
1243,Norway,17.524,0.922
1244,Norway,13.466,2.029
1245,Norway,14.388,2.398
1246,Norway,20.475,0.5529999999999999
1247,Norway,21.028000000000002,1.107
1248,Norway,0.0,0.0
1249,Norway,35.601,2.214
1250,Norway,15.495,1.107
1251,Norway,8.301,0.0
1252,Norway,9.776,1.66
1253,Norway,15.495,1.107
1254,Norway,17.524,2.029
1255,Norway,11.620999999999999,2.029
1256,Norway,10.883,0.369
1257,Norway,7.0089999999999995,0.0
1258,Norway,5.165,0.0
1259,Norway,13.280999999999999,0.369
1260,Norway,11.436,1.291
1261,Norway,7.932,0.369
1262,Norway,9.039,0.0
1263,Norway,0.0,0.0
1264,Norway,9.222999999999999,0.738
1265,Norway,7.0089999999999995,0.0
1266,Norway,10.33,0.184
1267,Norway,9.222999999999999,0.0
1268,Norway,7.747000000000001,0.0
1269,Norway,7.194,0.738
1270,Norway,6.456,0.0
1271,Norway,5.534,0.738
1272,Norway,1.291,1.291
1273,Norway,5.349,0.738
1274,Norway,4.243,0.184
1275,Norway,3.136,0.5529999999999999
1276,Norway,4.058,0.0
1277,Norway,0.0,0.0
1278,Norway,0.0,0.0
1279,Norway,9.592,0.184
1280,Norway,1.476,0.0
1281,Norway,2.029,0.184
1282,Norway,0.0,0.0
1283,Norway,7.563,0.184
1284,Norway,0.0,0.0
1285,Norway,0.0,0.0
1286,Norway,7.932,0.0
1287,Norway,2.214,0.0
1288,Norway,3.505,0.0
1289,Norway,3.32,0.184
1290,Norway,1.845,0.0
1291,Norway,0.0,0.0
1292,Norway,0.0,0.0
1293,Norway,0.0,0.0
1294,Norway,6.456,0.184
1295,Norway,0.0,0.0
1296,Norway,5.718,0.184
1297,Norway,4.98,0.0
1298,Norway,0.0,0.0
1299,Norway,0.0,0.0
1300,Portugal,1.765,0.0
1301,Portugal,1.8630000000000002,0.0
1302,Portugal,3.3339999999999996,0.0
1303,Portugal,5.59,0.0
1304,Portugal,7.452999999999999,0.0
1305,Portugal,8.434,0.0
1306,Portugal,11.474,0.098
1307,Portugal,19.026,0.098
1308,Portugal,14.024000000000001,0.098
1309,Portugal,23.046999999999997,0.294
1310,Portugal,25.498,0.588
1311,Portugal,31.383000000000003,0.196
1312,Portugal,45.113,0.883
1313,Portugal,29.616999999999997,0.981
1314,Portugal,62.07899999999999,0.981
1315,Portugal,53.841,1.6669999999999998
1316,Portugal,71.003,1.569
1317,Portugal,88.46,2.354
1318,Portugal,77.672,1.8630000000000002
1319,Portugal,43.74,2.059
1320,Portugal,101.50299999999999,1.9609999999999999
1321,Portugal,79.241,2.648
1322,Portugal,76.789,2.158
1323,Portugal,83.556,3.6289999999999996
1324,Portugal,62.568999999999996,1.9609999999999999
1325,Portugal,73.945,2.844
1326,Portugal,44.328,1.569
1327,Portugal,69.82600000000001,3.3339999999999996
1328,Portugal,68.55199999999999,3.432
1329,Portugal,79.928,2.844
1330,Portugal,148.675,2.55
1331,Portugal,50.507,3.432
1332,Portugal,58.646,3.3339999999999996
1333,Portugal,34.227,3.04
1334,Portugal,50.408,3.138
1335,Portugal,63.06,3.138
1336,Portugal,73.553,2.9419999999999997
1337,Portugal,17.750999999999998,2.7460000000000004
1338,Portugal,65.021,2.9419999999999997
1339,Portugal,51.095,2.648
1340,Portugal,64.433,2.059
1341,Portugal,50.605,2.648
1342,Portugal,59.137,2.256
1343,Portugal,36.384,3.432
1344,Portugal,90.029,5.8839999999999995
1345,Portugal,40.405,2.256
1346,Portugal,15.985999999999999,2.452
1347,Portugal,29.225,1.9609999999999999
1348,Portugal,17.653,2.452
1349,Portugal,36.09,1.569
1350,Portugal,28.930999999999997,1.765
1351,Portugal,35.698,0.0
1352,Portugal,34.227000000000004,1.569
1353,Portugal,32.756,3.923
1354,Portugal,0.0,0.0
1355,Portugal,17.457,1.079
1356,Portugal,47.074,1.4709999999999999
1357,Portugal,52.272,1.569
1358,Portugal,54.233000000000004,0.883
1359,Portugal,13.534,1.177
1360,Portugal,17.162,0.883
1361,Portugal,9.611,0.883
1362,Portugal,22.949,1.8630000000000002
1363,Portugal,21.478,1.177
1364,Portugal,18.339000000000002,0.883
1365,Portugal,25.891,0.588
1366,Portugal,22.261999999999997,1.275
1367,Portugal,22.164,1.4709999999999999
1368,Portugal,16.965999999999998,1.275
1369,Portugal,21.87,1.569
1370,Portugal,22.36,1.569
1371,Portugal,24.714000000000002,1.3730000000000002
1372,Portugal,28.244,1.177
1373,Portugal,26.576999999999998,1.275
1374,Portugal,14.907,1.3730000000000002
1375,Portugal,16.182000000000002,1.3730000000000002
1376,Portugal,21.478,1.177
1377,Portugal,27.95,1.3730000000000002
1378,Portugal,29.814,1.275
1379,Portugal,34.325,1.3730000000000002
1380,Portugal,25.204,1.275
1381,Portugal,29.127,1.3730000000000002
1382,Portugal,19.614,1.3730000000000002
1383,Portugal,19.124000000000002,1.177
1384,Portugal,35.894,1.079
1385,Portugal,32.461,0.785
1386,Portugal,36.973,0.981
1387,Portugal,37.463,0.883
1388,Portugal,13.925999999999998,0.49
1389,Portugal,38.444,0.588
1390,Portugal,41.288000000000004,0.6859999999999999
1391,Portugal,28.833000000000002,0.294
1392,Portugal,30.401999999999997,0.883
1393,Portugal,26.479,0.098
1394,Portugal,27.754,0.6859999999999999
1395,Portugal,22.261999999999997,0.49
1396,Portugal,33.933,0.294
1397,Portugal,29.421,0.196
1398,Portugal,32.952,0.098
1399,Portugal,40.896,0.098
1400,Serbia,1.91,0.0
1401,Serbia,0.882,0.0
1402,Serbia,2.498,0.0
1403,Serbia,0.735,0.0
1404,Serbia,1.3230000000000002,0.0
1405,Serbia,0.294,0.0
1406,Serbia,2.204,0.0
1407,Serbia,3.233,0.0
1408,Serbia,4.703,0.0
1409,Serbia,1.3230000000000002,0.147
1410,Serbia,2.057,0.0
1411,Serbia,5.731,0.0
1412,Serbia,4.997,0.0
1413,Serbia,3.968,0.0
1414,Serbia,7.936,0.147
1415,Serbia,11.904000000000002,0.147
1416,Serbia,10.728,0.441
1417,Serbia,29.686,0.588
1418,Serbia,12.050999999999998,0.441
1419,Serbia,0.0,0.0
1420,Serbia,23.366999999999997,1.47
1421,Serbia,23.514,0.0
1422,Serbia,16.313,1.176
1423,Serbia,44.823,1.176
1424,Serbia,21.75,0.735
1425,Serbia,41.736000000000004,1.0290000000000001
1426,Serbia,42.912,1.0290000000000001
1427,Serbia,36.299,0.441
1428,Serbia,32.184,0.588
1429,Serbia,29.539,0.147
1430,Serbia,34.976,0.735
1431,Serbia,40.414,0.441
1432,Serbia,36.74,0.882
1433,Serbia,62.31100000000001,0.735
1434,Serbia,60.4,1.3230000000000002
1435,Serbia,59.958999999999996,0.735
1436,Serbia,65.39699999999999,0.588
1437,Serbia,54.669,1.0290000000000001
1438,Serbia,44.676,1.0290000000000001
1439,Serbia,47.615,0.735
1440,Serbia,45.851000000000006,0.441
1441,Serbia,38.209,0.0
1442,Serbia,32.919000000000004,1.3230000000000002
1443,Serbia,23.807,0.735
1444,Serbia,30.421,0.735
1445,Serbia,43.5,1.0290000000000001
1446,Serbia,38.65,0.735
1447,Serbia,34.242,0.882
1448,Serbia,32.625,0.882
1449,Serbia,33.36,0.735
1450,Serbia,41.883,0.882
1451,Serbia,28.804000000000002,0.882
1452,Serbia,23.073,0.588
1453,Serbia,14.99,0.588
1454,Serbia,13.667,0.588
1455,Serbia,17.635,0.441
1456,Serbia,16.753,0.441
1457,Serbia,8.377,0.441
1458,Serbia,13.960999999999999,0.441
1459,Serbia,13.079,0.588
1460,Serbia,12.050999999999998,0.294
1461,Serbia,9.111,0.441
1462,Serbia,9.846,0.294
1463,Serbia,7.642,0.294
1464,Serbia,11.61,0.294
1465,Serbia,9.405,0.147
1466,Serbia,8.524,0.441
1467,Serbia,16.753,0.294
1468,Serbia,13.079,0.147
1469,Serbia,4.997,0.441
1470,Serbia,14.696,0.147
1471,Serbia,12.639000000000001,0.294
1472,Serbia,15.431,0.0
1473,Serbia,9.993,0.147
1474,Serbia,9.846,0.0
1475,Serbia,4.997,0.147
1476,Serbia,4.997,0.0
1477,Serbia,7.053999999999999,0.147
1478,Serbia,3.674,0.147
1479,Serbia,7.936,0.147
1480,Serbia,3.968,0.0
1481,Serbia,4.556,0.147
1482,Serbia,2.645,0.147
1483,Serbia,3.5269999999999997,0.147
1484,Serbia,10.14,0.0
1485,Serbia,7.053999999999999,0.147
1486,Serbia,14.107999999999999,0.147
1487,Serbia,10.875,0.147
1488,Serbia,12.050999999999998,0.147
1489,Serbia,10.728,0.147
1490,Serbia,10.14,0.0
1491,Serbia,9.699,0.147
1492,Serbia,10.434000000000001,0.147
1493,Serbia,10.728,0.0
1494,Serbia,11.169,0.147
1495,Serbia,8.671,0.147
1496,Serbia,8.377,0.147
1497,Serbia,8.671,0.147
1498,Serbia,14.107999999999999,0.147
1499,Serbia,13.814,0.147
1500,Spain,1.155,0.0
1501,Spain,1.198,0.0
1502,Spain,1.604,0.0
1503,Spain,1.732,0.021
1504,Spain,3.9139999999999997,0.043
1505,Spain,4.9830000000000005,0.043
1506,Spain,7.058,0.0
1507,Spain,9.261000000000001,0.0
1508,Spain,16.512,0.49200000000000005
1509,Spain,20.853,0.15
1510,Spain,24.660999999999998,0.257
1511,Spain,32.745,0.7909999999999999
1512,Spain,35.996,0.7909999999999999
1513,Spain,45.856,0.321
1514,Spain,36.488,3.2510000000000003
1515,Spain,53.535,0.449
1516,Spain,79.008,3.8930000000000002
1517,Spain,86.55799999999999,2.289
1518,Spain,97.723,3.615
1519,Spain,116.48,5.026
1520,Spain,104.075,6.93
1521,Spain,99.37,8.427
1522,Spain,164.497,9.881
1523,Spain,182.933,10.994000000000002
1524,Spain,191.51,15.784
1525,Spain,196.365,14.009
1526,Spain,176.324,16.448
1527,Spain,137.398,17.795
1528,Spain,124.33,17.923
1529,Spain,174.207,17.367
1530,Spain,158.55100000000002,18.159000000000002
1531,Spain,162.187,18.479
1532,Spain,155.535,20.319000000000003
1533,Spain,142.509,19.934
1534,Spain,118.34100000000001,17.303
1535,Spain,78.43,14.415999999999999
1536,Spain,111.411,13.624
1537,Spain,119.41,15.890999999999998
1538,Spain,122.875,16.191
1539,Spain,97.038,14.607999999999999
1540,Spain,97.316,12.94
1541,Spain,83.39299999999999,10.908
1542,Spain,64.806,13.239
1543,Spain,66.646,11.058
1544,Spain,94.62100000000001,16.833
1545,Spain,81.703,13.197000000000001
1546,Spain,81.66,12.512
1547,Spain,82.045,12.084000000000001
1548,Spain,64.74199999999999,8.769
1549,Spain,47.43899999999999,8.533999999999999
1550,Spain,63.117,9.197000000000001
1551,Spain,49.449,9.304
1552,Spain,62.368,9.411
1553,Spain,45.215,7.849
1554,Spain,53.599,8.085
1555,Spain,35.098,6.16
1556,Spain,35.504,0.0
1557,Spain,32.617,13.517000000000001
1558,Spain,18.116,9.689
1559,Spain,26.543000000000003,5.732
1560,Spain,29.665,6.01
1561,Spain,26.393,5.903
1562,Spain,19.998,3.508
1563,Spain,9.967,3.508
1564,Spain,22.221999999999998,3.957
1565,Spain,18.822,5.218999999999999
1566,Spain,19.699,4.556
1567,Spain,25.088,3.8710000000000004
1568,Spain,15.890999999999998,4.855
1569,Spain,73.062,3.0589999999999997
1570,Spain,8.406,2.6310000000000002
1571,Spain,10.309000000000001,3.764
1572,Spain,9.389,3.935
1573,Spain,18.159000000000002,4.641
1574,Spain,13.753,2.952
1575,Spain,11.015,2.224
1576,Spain,13.945,1.861
1577,Spain,5.475,1.262
1578,Spain,9.218,1.476
1579,Spain,11.079,2.353
1580,Spain,10.309000000000001,1.112
1581,Spain,38.221,14.715
1582,Spain,9.967,1.069
1583,Spain,10.309000000000001,1.5830000000000002
1584,Spain,14.3405,-41.023
1585,Spain,18.372,6.053
1586,Spain,10.908,0.021
1587,Spain,24.318,0.021
1588,Spain,14.073,0.043
1589,Spain,14.202,0.086
1590,Spain,4.2989999999999995,0.043
1591,Spain,4.47,0.0
1592,Spain,6.287999999999999,0.0
1593,Spain,8.427,0.021
1594,Spain,7.144,0.107
1595,Spain,6.801,0.021
1596,Spain,7.101,0.021
1597,Spain,5.132999999999999,0.021
1598,Spain,3.572,0.0
1599,Spain,5.3260000000000005,0.0
1600,United Arab Emirates,1.618,0.0
1601,United Arab Emirates,1.416,0.0
1602,United Arab Emirates,1.517,0.0
1603,United Arab Emirates,1.112,0.0
1604,United Arab Emirates,0.0,0.0
1605,United Arab Emirates,0.10099999999999999,0.0
1606,United Arab Emirates,1.213,0.0
1607,United Arab Emirates,1.517,0.0
1608,United Arab Emirates,0.0,0.0
1609,United Arab Emirates,2.73,0.0
1610,United Arab Emirates,0.0,0.0
1611,United Arab Emirates,1.314,0.20199999999999999
1612,United Arab Emirates,0.0,0.0
1613,United Arab Emirates,4.55,0.0
1614,United Arab Emirates,5.055,0.0
1615,United Arab Emirates,8.594,0.0
1616,United Arab Emirates,0.0,0.0
1617,United Arab Emirates,7.28,0.0
1618,United Arab Emirates,6.37,0.0
1619,United Arab Emirates,0.0,0.0
1620,United Arab Emirates,14.458,0.303
1621,United Arab Emirates,5.359,0.10099999999999999
1622,United Arab Emirates,0.0,0.0
1623,United Arab Emirates,36.399,0.20199999999999999
1624,United Arab Emirates,0.0,0.0
1625,United Arab Emirates,48.633,0.20199999999999999
1626,United Arab Emirates,29.726,0.0
1627,United Arab Emirates,28.006999999999998,0.10099999999999999
1628,United Arab Emirates,28.614,0.10099999999999999
1629,United Arab Emirates,30.331999999999997,0.0
1630,United Arab Emirates,33.467,0.20199999999999999
1631,United Arab Emirates,37.41,0.20199999999999999
1632,United Arab Emirates,38.016999999999996,0.40399999999999997
1633,United Arab Emirates,39.129,0.20199999999999999
1634,United Arab Emirates,40.241,0.303
1635,United Arab Emirates,41.657,0.303
1636,United Arab Emirates,43.678999999999995,0.506
1637,United Arab Emirates,46.51,0.0
1638,United Arab Emirates,0.0,0.20199999999999999
1639,United Arab Emirates,48.229,0.20199999999999999
1640,United Arab Emirates,48.431000000000004,0.40399999999999997
1641,United Arab Emirates,48.93600000000001,0.20199999999999999
1642,United Arab Emirates,49.543,0.303
1643,United Arab Emirates,48.835,0.607
1644,United Arab Emirates,52.373999999999995,0.40399999999999997
1645,United Arab Emirates,53.082,0.809
1646,United Arab Emirates,53.79,0.0
1647,United Arab Emirates,54.193999999999996,1.213
1648,United Arab Emirates,49.543,0.607
1649,United Arab Emirates,54.7,0.708
1650,United Arab Emirates,55.508,0.91
1651,United Arab Emirates,55.812,0.708
1652,United Arab Emirates,56.317,0.607
1653,United Arab Emirates,56.722,0.809
1654,United Arab Emirates,57.025,0.708
1655,United Arab Emirates,57.328,1.112
1656,United Arab Emirates,46.711999999999996,0.91
1657,United Arab Emirates,55.205,1.112
1658,United Arab Emirates,50.756,0.809
1659,United Arab Emirates,55.913000000000004,0.91
1660,United Arab Emirates,63.091,1.112
1661,United Arab Emirates,78.965,1.314
1662,United Arab Emirates,68.75399999999999,0.303
1663,United Arab Emirates,79.168,0.20199999999999999
1664,United Arab Emirates,73.303,0.303
1665,United Arab Emirates,70.57300000000001,0.20199999999999999
1666,United Arab Emirates,75.528,0.20199999999999999
1667,United Arab Emirates,80.482,0.40399999999999997
1668,United Arab Emirates,73.91,0.607
1669,United Arab Emirates,84.12200000000001,0.40399999999999997
1670,United Arab Emirates,88.26700000000001,0.303
1671,United Arab Emirates,95.14299999999999,0.607
1672,United Arab Emirates,90.391,0.40399999999999997
1673,United Arab Emirates,100.501,0.40399999999999997
1674,United Arab Emirates,82.1,0.303
1675,United Arab Emirates,78.965,0.10099999999999999
1676,United Arab Emirates,83.111,0.303
1677,United Arab Emirates,78.763,0.506
1678,United Arab Emirates,89.27799999999999,0.20199999999999999
1679,United Arab Emirates,56.924,0.303
1680,United Arab Emirates,64.507,0.20199999999999999
1681,United Arab Emirates,73.405,0.20199999999999999
1682,United Arab Emirates,66.832,0.20199999999999999
1683,United Arab Emirates,64.204,0.20199999999999999
1684,United Arab Emirates,60.26,0.303
1685,United Arab Emirates,57.733000000000004,0.10099999999999999
1686,United Arab Emirates,66.63,0.303
1687,United Arab Emirates,63.091,0.10099999999999999
1688,United Arab Emirates,63.294,0.10099999999999999
1689,United Arab Emirates,54.598,0.10099999999999999
1690,United Arab Emirates,57.428999999999995,0.506
1691,United Arab Emirates,53.385,0.20199999999999999
1692,United Arab Emirates,60.968,0.10099999999999999
1693,United Arab Emirates,48.431000000000004,0.20199999999999999
1694,United Arab Emirates,51.868,0.10099999999999999
1695,United Arab Emirates,40.544000000000004,0.10099999999999999
1696,United Arab Emirates,39.836999999999996,0.10099999999999999
1697,United Arab Emirates,34.579,0.20199999999999999
1698,United Arab Emirates,34.983000000000004,0.20199999999999999
1699,United Arab Emirates,38.623000000000005,0.20199999999999999
1700,United Kingdom,1.2229999999999999,0.0
1701,United Kingdom,1.974,0.028999999999999998
1702,United Kingdom,1.723,0.015
1703,United Kingdom,6.377999999999999,0.265
1704,United Kingdom,3.697,0.221
1705,United Kingdom,2.239,0.324
1706,United Kingdom,5.995,0.23600000000000002
1707,United Kingdom,10.017000000000001,0.501
1708,United Kingdom,9.531,0.633
1709,United Kingdom,10.4,0.53
1710,United Kingdom,15.245999999999999,0.825
1711,United Kingdom,9.796,0.516
1712,United Kingdom,14.244000000000002,1.09
1713,United Kingdom,21.021,2.195
1714,United Kingdom,21.389,2.74
1715,United Kingdom,31.361,2.696
1716,United Kingdom,42.498000000000005,4.183
1717,United Kingdom,37.504,4.331
1718,United Kingdom,35.839,3.1519999999999997
1719,United Kingdom,38.579,5.5089999999999995
1720,United Kingdom,44.324,5.627000000000001
1721,United Kingdom,63.695,9.869
1722,United Kingdom,62.516999999999996,9.604
1723,United Kingdom,65.551,10.517999999999999
1724,United Kingdom,55.019,11.195
1725,United Kingdom,86.955,9.486
1726,United Kingdom,56.006,8.367
1727,United Kingdom,53.531000000000006,15.29
1728,United Kingdom,80.88600000000001,15.231
1729,United Kingdom,63.99,16.248
1730,United Kingdom,76.525,16.97
1731,United Kingdom,128.436,12.359000000000002
1732,United Kingdom,77.895,10.105
1733,United Kingdom,63.96,10.96
1734,United Kingdom,77.365,15.379000000000001
1735,United Kingdom,67.805,12.402999999999999
1736,United Kingdom,68.01100000000001,15.158
1737,United Kingdom,82.476,13.773
1738,United Kingdom,81.38600000000001,16.425
1739,United Kingdom,86.17399999999999,7.336
1740,United Kingdom,68.88,8.234
1741,United Kingdom,63.356,17.264
1742,United Kingdom,65.566,12.329
1743,United Kingdom,67.51,10.709000000000001
1744,United Kingdom,79.339,14.804
1745,United Kingdom,72.37100000000001,12.418
1746,United Kingdom,65.743,6.187
1747,United Kingdom,63.474,4.979
1748,United Kingdom,58.863,13.39
1749,United Kingdom,60.042,11.710999999999999
1750,United Kingdom,88.855,9.927999999999999
1751,United Kingdom,91.344,10.886
1752,United Kingdom,70.795,9.148
1753,United Kingdom,63.916000000000004,4.64
1754,United Kingdom,58.701,4.242
1755,United Kingdom,64.903,10.208
1756,United Kingdom,91.492,9.56
1757,United Kingdom,81.22399999999999,7.94
1758,United Kingdom,68.482,9.221
1759,United Kingdom,57.39,5.0969999999999995
1760,United Kingdom,57.788000000000004,3.948
1761,United Kingdom,57.11,3.093
1762,United Kingdom,50.128,9.236
1763,United Kingdom,47.757,7.277
1764,United Kingdom,50.762,6.305
1765,United Kingdom,52.441,5.657
1766,United Kingdom,50.82,6.894
1767,United Kingdom,52.058,2.504
1768,United Kingdom,39.935,2.3569999999999998
1769,United Kingdom,35.53,8.027999999999999
1770,United Kingdom,37.025000000000006,5.347
1771,United Kingdom,38.52,4.979
1772,United Kingdom,48.419,5.17
1773,United Kingdom,43.588,4.154
1774,United Kingdom,35.427,1.7380000000000002
1775,United Kingdom,23.936999999999998,1.7819999999999998
1776,United Kingdom,59.556000000000004,1.974
1777,United Kingdom,29.653000000000002,6.069
1778,United Kingdom,27.796999999999997,5.553
1779,United Kingdom,30.861,4.773
1780,United Kingdom,23.628,3.167
1781,United Kingdom,28.518,1.665
1782,United Kingdom,23.127,8.19
1783,United Kingdom,24.35,4.773
1784,United Kingdom,27.561,5.287999999999999
1785,United Kingdom,26.589000000000002,2.593
1786,United Kingdom,24.305,5.2589999999999995
1787,United Kingdom,22.936,3.005
1788,United Kingdom,19.533,1.1340000000000001
1789,United Kingdom,17.75,0.81
1790,United Kingdom,25.646,4.213
1791,United Kingdom,14.775,3.609
1792,United Kingdom,18.649,2.224
1793,United Kingdom,22.7,2.9760000000000004
1794,United Kingdom,20.991,2.6660000000000004
1795,United Kingdom,22.302,0.53
1796,United Kingdom,14.259,0.56
1797,United Kingdom,18.84,3.432
1798,United Kingdom,16.425,2.71
1799,United Kingdom,17.942,1.989
